x,y,label
0.7574307547066294,0.1456005258444738,우상
-1.4448383860647118,0.8282954758535641,좌상
-1.8391055943785652,0.03833170902347333,좌상
-0.25135870617756517,0.9427165951033047,좌상
0.9690442310875121,-0.7983739851475311,좌하
3.522663060399888,-0.5040313641964039,우하
2.500237910929558,-0.32100890011085764,우하
-1.9145275912253334,0.0671924350236474,좌상
1.6169836845216314,0.8049020098864983,우상
1.362514437353188,1.033188692100388,우상
0.7274933755165026,0.1458082725443684,우상
1.3121193479195998,-0.16688716064233244,좌하
1.5583720057287824,0.060796180933173155,좌하
3.1978863979345853,-0.5159354409688786,우하
1.216554597367222,0.706266152744772,우상
-1.214846089335566,0.8521712982500623,좌상
-1.5659903782710702,0.5971837126741207,좌상
-0.5581861091690197,-0.16833510669221974,좌하
0.15532925442644366,0.3226034117216362,좌상
0.5503424783854405,-0.9933441057689862,좌하
2.6349050665195337,-0.5033798564595107,우하
1.803538858693428,0.9114696343144747,우상
3.415805861785799,-0.4446650040908518,우하
-0.7461610837632507,0.8783298565671571,좌상
-0.7930225827460201,0.9382181725558438,좌상
0.37056667586080244,-0.9848865185967538,좌하
0.1985499004925319,-0.86524790142652,좌하
2.695523420723452,-0.6783136958801292,우하
0.11633076715927766,0.23369623709353396,좌상
0.925372778036704,0.2450526614837688,우상
-0.42005151569344684,0.6824112057204348,좌상
0.26800309986997845,0.22711780789589245,좌상
0.7751677816429722,-0.7683728965092681,좌하
3.0697052658487998,-0.4498058159557945,우하
2.7369936145986538,0.24634918164679467,우상
0.8730260262980012,-0.78005865862531,좌하
-1.8230980320288839,0.21765736224155396,좌상
0.7342142184707873,0.07942664164229435,우상
-0.5186187244589537,0.852051314299382,좌상
-1.3798921978153194,0.9493755456351687,좌상
1.4773606927116951,0.8203206178768561,우상
1.6088810510410652,0.9540416674866604,우상
3.86778211220794,-0.14309135645705934,우하
-0.47942990230167637,0.7714580361365369,좌상
4.044967910093454,0.3552394262584379,우하
-1.3375052157658078,0.9036652920526976,좌상
0.9226166407024975,0.384406374135558,우상
-1.5001735180752243,0.2221225467082253,좌상
2.8150284602553715,0.6475766155114832,우상
-0.45187288283855653,-0.01593338860369181,좌하
3.895265578794227,-0.14004659491290872,우하
-0.19254017893290248,-0.8192643680983561,좌하
-0.007407591827221938,-0.7325376832584668,좌하
0.004125567699434028,0.4439036529782249,좌상
4.054766587780099,0.0680375779403599,우하
2.1862061422831163,-0.007832783939298926,우하
-1.888193100638606,0.14198091458574363,좌상
2.0949570150015315,0.9179388218730576,우상
1.5099374406417172,0.9773714110272561,우상
0.8034719034183561,0.30506556441292915,우상
-0.6446660221402435,0.934133741236963,좌상
-1.613404761493741,0.4109697737408599,좌상
2.5940507845199123,-0.6849480450633083,우하
-0.19641927239846443,-0.5020123891373587,좌하
2.195804328632312,0.8783729890669999,우상
-1.8112707571358853,0.3139645661077187,좌상
0.8213281204979664,0.305245665452183,우상
1.5300084664085845,-0.10464042047904779,좌하
1.6181678160020871,1.028273384170581,우상
2.0206160514072855,1.0381163681891001,우상
3.2468817991283956,-0.635546731234897,우하
2.1928180962111865,0.905996969392629,우상
3.717525224810283,-0.24541732223570978,우하
-0.5707644905559133,0.07421008913940219,좌하
-1.180888899794363,0.7058921905401483,좌상
0.8439289898552632,-0.9679139801448016,좌하
3.7520418745065296,-0.18254033861048277,우하
1.2028195980086958,-0.699116210190102,좌하
3.0957420186155216,-0.6590357945186415,우하
3.9282562545093986,0.26138920639122976,우하
3.986437495620859,0.2236798945043147,우하
0.4242859111397621,-0.8273381131465929,좌하
2.358627542057401,-0.3726820063311768,우하
1.5537059486804192,1.0084382184673288,우상
3.4490538734440683,-0.425761461553834,우하
3.9930889165729466,0.05286126829179681,우하
-0.5498905059093271,0.8746157644941883,좌상
1.9771747452526285,0.7706095761501547,우상
-0.43749264766000695,0.8473186180197658,좌상
2.5522132134089945,0.9565756068878256,우상
0.2196438078387199,-0.9432661730518458,좌하
0.9497884937538906,0.543611597828459,우상
3.6428080506354097,-0.4234298625457203,우하
1.0246121235582533,0.42998953010369373,우상
1.779533124506195,0.7907889792292331,우상
0.0390950367439022,0.3558186135785049,좌상
1.4225362755530833,1.0080694065135651,우상
0.16789151033532904,0.24631246015897776,좌상
1.3923448806552896,-0.5898744301412633,좌하
-0.4337116040070479,-0.5395875201046664,좌하
0.080622132526814,0.01134884910206662,좌상
1.0881291015024699,-0.8101498342840584,좌하
-1.7449897733820348,0.10916321652653962,좌상
-0.34709482198280733,-0.11002044165939855,좌하
1.4377180876280045,-0.4567979787456079,좌하
-1.7552440595060743,0.03182681657979472,좌상
0.02268039247787424,0.5085726085773982,좌상
0.32175074890943106,-0.07206139586758759,좌상
0.9547671836292928,0.040704369327826326,우상
-0.24538080559957945,-0.7333015464831911,좌하
3.955999905331106,0.02797773799926148,우하
1.1098221774177888,0.9215114235109011,우상
0.15975080277517267,-0.7912105153859128,좌하
3.4352072991091616,-0.5194138151424733,우하
2.33935707390743,0.8647460016947889,우상
1.6727912227241812,-0.28006380663729463,좌하
-0.9910288651823849,0.9186944840919874,좌상
-1.0160923874134662,1.073521603716376,좌상
-1.2162430570002194,0.7353831157190965,좌상
-0.39870943546754495,0.6835516402075914,좌상
-0.1733368306765304,-0.8131621907145219,좌하
3.971813347982652,-0.17097769841783533,우하
-0.8831583529082264,0.8752824103913514,좌상
1.2496512402199793,0.995617687310282,우상
3.4135145722563913,-0.73023283149478,우하
-0.41685432621125906,0.7000181242886119,좌상
-0.985892116815516,0.9347586577302246,좌상
1.8414930916576964,1.0661508334736485,우상
-0.3548781481196842,0.9012049694022676,좌상
-1.138138164888997,0.7314710960146025,좌상
2.784386594764275,0.6120058882564586,우상
4.0881586147285045,-0.08869669702950726,우하
3.744030840777461,-0.37729293753480453,우하
1.3921082306833348,-0.4709373055278573,좌하
2.2726630020727527,0.9763640516535468,우상
-0.12256847782301136,0.6909858980410957,좌상
-1.873535646196177,0.24012561458739523,좌상
2.5254626881046516,-0.5099341133688415,우하
1.4609737086533396,1.1342386296009979,우상
0.8166688967137815,-0.8725436608068078,좌하
2.10073611560084,0.08826272445137279,우하
-1.6120769617165345,0.4355737849702562,좌상
-1.459434651133641,0.5659336277696296,좌상
-0.9243530742808512,0.8872346169809561,좌상
0.027475215410067838,0.27252037211823454,좌상
0.9735141313850572,0.44422365846381784,우상
-0.5996190468489803,0.9958432043703503,좌상
3.497441482157149,-0.5259596027482091,우하
0.4146250156833132,-0.7363595614820684,좌하
2.588977791930791,0.8178061738630097,우상
2.2462194820066532,1.0210264924988688,우상
1.1354810647179272,0.7007786471585626,우상
0.8734328033523544,-0.8191501936625971,좌하
-0.46447521721827195,0.8410068237481898,좌상
1.9872260165542102,1.1244095967252736,우상
3.0989947187589046,-0.5732319766331492,우하
2.49521990785948,-0.6138629929877218,우하
0.9721141776645419,0.5468078640927017,우상
3.343795604099855,-0.5435924713675665,우하
-0.010667390821171439,0.6936305299584887,좌상
3.020848384562492,-0.7595772663431948,우하
1.2941843041815198,-0.31401396289168165,좌하
-0.4425532261370963,-0.061796256552787594,좌하
1.9625911207713853,1.0806059708547102,우상
0.5295651526382813,-1.048712345119806,좌하
2.7923469103258243,-0.6274690683210782,우하
0.7485071374522473,-0.8413598389266048,좌하
3.157532591733408,-0.6684678833388283,우하
1.8180688346267517,1.105846369052103,우상
-0.41344688581870775,-0.3996120297413392,좌하
0.15814649722905383,0.4172948981981668,좌상
1.0807933378718506,-0.7463851393989733,좌하
-1.8989738294396448,0.0851275978496873,좌상
3.6921248033200524,-0.09069708986779917,우하
2.6318838767650554,0.23091488747978844,우상
-0.6171562542562029,0.9473549669136693,좌상
1.0295534827878108,-0.710461469836008,좌하
-0.82350756240748,0.7884184986405431,좌상
0.9909916650379789,-0.5455857291380752,좌하
1.0913455995860184,0.8180993020436375,우상
2.7359827658277833,0.08450599030261544,우상
-0.32804955310853956,0.7616669369820502,좌상
0.6818504155413551,-0.6812380803501723,좌하
-0.7250493058646055,0.8229603523104906,좌상
0.838105951126215,-0.8102340754861477,좌하
-1.6554691409811,0.2614633337366806,좌상
2.3637315583634306,0.8705146379851064,우상
0.10742586617644856,0.4770078505376779,좌상
1.145237876630517,0.5141328021916709,우상
-0.3165424368244044,0.8434810367890613,좌상
0.7235442809960825,0.13942822483009268,우상
1.4476303032252607,-0.189947188555653,좌하
-1.4818480242291903,0.4950861811517987,좌상
-0.48692233838297644,0.8700455254829216,좌상
-0.21055923565260762,-0.3575284336180725,좌하
1.6467028893887357,0.8282179320694034,우상
1.6642274348030903,0.8590693390307421,우상
-0.38485401130336905,-0.39416101074258353,좌하
-1.7061384821872698,0.07168286567861719,좌상
1.3245479945833858,0.7181163144311236,우상
-0.062305447074726766,-0.55157067580276,좌하
1.3710200301901587,-0.3380502485779839,좌하
-0.5401115974516717,0.922115302114389,좌상
-1.1529412710335152,0.943791237544762,좌상
2.981461998038918,-0.5303116108203216,우하
2.2945228241726228,1.0194425246568704,우상
2.852033176906668,-0.40983248522836424,우하
-0.421108388254793,0.8663562102392658,좌상
-0.5980495064542488,-0.35915876224653537,좌하
3.8935035919186864,0.25296418423978756,우하
1.1403453447403178,-0.6283687437365824,좌하
3.3306674562660348,-0.5296499356426299,우하
1.3641566335884987,0.9939656773881196,우상
2.072028904267129,0.9777367673218522,우상
-1.6638313768208255,0.41859068861757914,좌상
-1.7808684348412953,0.0707991460814984,좌상
2.4426384991862204,0.554576016634505,우상
0.6234149869374834,-1.0351133617942054,좌하
-1.6421793044696578,-0.07231096272219123,좌상
2.56899347905542,-0.3036348209098421,우하
0.8283786388419697,-0.9085849193168297,좌하
1.2730188763897594,0.9151962466862572,우상
0.5974830511672775,-0.9404962450197265,좌하
3.8534538409532617,-0.2543943325314991,우하
1.8936200492865074,0.8775527804611809,우상
4.179323424131232,0.4565829333408719,우하
2.1657681779707527,1.1591060102623574,우상
2.605123019208953,0.46212840911976893,우상
-1.087811023627155,0.8626801291195276,좌상
2.130623172278863,0.8576499316946415,우상
3.8574293037319087,0.27525244981943997,우하
1.2724354754463372,-0.6257750305793496,좌하
2.198245353016208,0.044577034922682945,우하
3.5060550253332714,-0.31110719550650423,우하
0.024865160266394938,0.5799983907200826,좌상
-0.2182513296437728,-0.513616086057347,좌하
-1.7202703246693378,0.43877116675009564,좌상
0.0291059464751776,-0.5492922307133941,좌하
1.3584339061070387,-0.47799179495341293,좌하
0.19726734257890532,-0.8467098317995634,좌하
0.732599523695153,-1.089467135155219,좌하
1.4283228398591847,-0.060099983986487276,좌하
1.5220375114359854,-0.06442703550445232,좌하
-0.37710089680006903,-0.16567432222821063,좌하
-1.481871053691721,0.6159973357739007,좌상
2.483987042107039,0.6187334166919112,우상
-0.09105767924760444,0.3451553845894712,좌상
0.06066567429588128,0.5685852045113796,좌상
-0.4204752822462872,-0.31534167106248717,좌하
0.39256288454665067,-0.8562254328169916,좌하
1.268913612512527,-0.425690533136299,좌하
2.792643030900811,0.42541788463316443,우상
2.616766652026147,-0.47729500509016365,우하
0.337761279716427,0.04941067736287088,좌상
0.35566235018481307,-0.05254452430612863,좌상
2.7093727780359114,-0.5203090760089966,우하
1.2644010619161177,-0.6743547521343705,좌하
-0.6881021037390936,0.7219834442172066,좌상
0.9132384861173385,0.8610679668646064,우상
0.028366883543307235,0.350916137069174,좌상
-0.3360553875036474,-0.6754061586145823,좌하
3.5830774807960446,-0.3430453286042511,우하
2.450619346775767,0.5760767504118103,우상
3.127842748825602,-0.6254695837514856,우하
0.5246764927710982,-0.8383722083061231,좌하
2.0870197903666075,1.024717730457757,우상
2.560312965801127,0.7340371531419987,우상
3.9270142708272013,0.35531091863343106,우하
-1.428496441746729,0.6548470367308545,좌상
1.008243097454619,0.2775110625383158,우상
2.242777921990852,-0.3020566283159899,우하
2.170806210332178,-0.06764643198712494,우하
3.884312569331724,-0.0011482254768018577,우하
3.2156435970814456,-0.6800364867622732,우하
0.9662554201109169,0.39620446885161903,우상
2.051984225680183,0.009648512176903285,우하
1.9803943002890936,1.1486169080422157,우상
3.339816763316927,-0.6998262624679854,우하
-1.0532932960489592,0.7255651111736776,좌상
1.4490296295946028,0.04022752193686038,좌하
0.8990282741886485,0.1754151498343181,우상
1.5540052408966338,-0.25188834089405177,좌하
2.4269904921455727,0.8468386571815845,우상
3.9608917111095328,0.013434465942167656,우하
1.684562364113681,1.0313290169729838,우상
0.3196700029783981,-0.8174098683191682,좌하
-0.2867295659262831,-0.5860226760423433,좌하
-0.7599688584137687,0.7047247845420662,좌상
3.922436805501408,-0.2608979021907807,우하
0.7911225485545257,0.47602902065127994,우상
-1.4900527126741712,0.6558926694754401,좌상
2.838421980480236,-0.5149261193404916,우하
-0.71918301525913,0.8706712821955345,좌상
-0.22973454411043379,-0.5156159777483829,좌하
-0.5560600448152697,0.09735205959495873,좌하
2.332958814782319,0.5957224877856404,우상
3.716110360537645,-0.4062765695347781,우하
2.413955473233795,-0.2799647989999461,우하
-0.20132583613515337,0.7495056419144567,좌상
2.676517979999834,0.3234111145493874,우상
-0.4049195682815415,0.7488542433787001,좌상
0.8044192480988264,0.23030960933620478,우상
-0.4315640966607196,-0.025561920271300546,좌하
-0.018591368807415194,-0.7870530897145938,좌하
2.2761222834211985,0.7358273437616535,우상
2.5689881179191656,-0.5070715874465536,우하
-0.3144110274330665,-0.4855160945754856,좌하
-0.1140186447535879,-0.750154331468976,좌하
0.7096758888218657,0.22016406337925198,우상
-0.9996299801678653,0.869567344542986,좌상
2.7433320308508455,-0.5420123885999856,우하
-1.5223705531097753,0.4806510046554955,좌상
2.9063546426394997,-0.6492148240441905,우하
0.9865179882985726,-0.7077120948832358,좌하
2.6678325579977265,0.20087956239908247,우상
0.14476549705814862,-0.7347247610042562,좌하
2.956069176071104,-0.5130705940014973,우하
-1.7995424594723681,0.08340065945538144,좌상
3.249416811897787,-0.7795022602843896,우하
2.6289188573160662,0.5935144396966194,우상
3.8261356349090923,-0.2866998371846618,우하
2.71031959806487,0.6697748331868614,우상
2.759702580769145,0.543226300555731,우상
1.222235834969727,1.0400747435453879,우상
2.4246116286989374,0.7472663497068605,우상
-0.29401680386446016,-0.18154496162322245,좌하
1.2362335667763427,0.7723169111481643,우상
2.9273452620235734,-0.7677192811805246,우하
1.2800925854441605,0.7186133843540425,우상
1.3994797684412212,0.7423556690975248,우상
1.9760188755815595,0.15034004452729471,우하
-0.2120962860523059,-0.6027100761623956,좌하
2.5995253911238656,-0.5796744280619788,우하
-0.10778386898726681,0.6461056671318173,좌상
1.9524691102803573,0.33174093537620397,우하
1.2180693174540238,-0.6001287139395027,좌하
0.9144238542021162,0.35880566760042787,우상
-1.039789247857034,0.7337756182408951,좌상
1.0312153568883282,0.25953394608471453,우상
3.0790211422199056,-0.4428992054154378,우하
2.9856846394178143,-0.6278915044919466,우하
3.9152115468069173,0.0909109625862332,우하
-0.06238699105365647,-0.8140210739173862,좌하
0.019261281950130115,0.4554666410352761,좌상
-0.20987936513849534,-0.5654656493868084,좌하
4.069400265726861,0.15538498995964364,우하
2.487974314116261,0.6079350695505177,우상
-1.793404168672221,0.09834104652277809,좌상
1.8792398387674574,0.809928476177869,우상
3.5812606495562833,-0.5201333061001976,우하
3.8133001884856563,0.08899954388154732,우하
3.2626999856602588,-0.5711552166629719,우하
2.050137813942814,0.4039714064056508,우하
2.921740710456838,0.21119070825840663,우상
1.3604200816767495,-0.2515302692053034,좌하
2.670290033934466,-0.7046397126058378,우하
0.9835897045708918,0.4381640383170921,우상
1.50281662625545,-0.3557196165415202,좌하
-1.5417884842934129,0.508333813544379,좌상
1.9729430684584288,0.8528383571538681,우상
2.772342221672137,-0.5764249935107654,우하
-0.5067899462342874,-0.1072124559422337,좌하
1.0334095162957435,-0.8208365194146144,좌하
-1.1265818879830998,0.7273593229178723,좌상
2.569927859141239,0.6408619150586814,우상
-0.010494163368130367,0.21805368496622252,좌상
3.5977704208925845,-0.5102868540241206,우하
2.8684945617723883,-0.4938876581174755,우하
-0.6805578611821569,0.9465586605446232,좌상
3.773774395768706,-0.4601375513942463,우하
1.1793662604988762,0.9185594801314065,우상
3.280947173805264,-0.6451877949546423,우하
-1.012895378845849,0.9522771097387597,좌상
1.9016235766702239,0.1530268533580965,우하
1.2383392435832328,-0.7689729639193863,좌하
2.518175826154154,-0.3189567718365208,우하
3.9002989357616853,-0.027281870930900037,우하
2.299213745210911,0.03483347459316881,우하
2.6600775580272695,-0.5672934346149392,우하
2.1392354085312406,0.05801792094709706,우하
-1.6685982165064035,-0.11138563374951875,좌상
-0.6022243675304126,0.10754785545090362,좌하
1.9918865412068967,0.9623935178371996,우상
2.6768105028255205,0.629168547282844,우상
2.9047568725089494,-0.7311247689441872,우하
1.5114903671362137,-0.06723120007508053,좌하
1.8860479324123822,1.0364264539213133,우상
1.975741174268283,0.898596467041959,우상
1.9442434150568775,0.2138119371958041,우하
0.1957320355609769,-0.9992555772813659,좌하
0.9665967688465141,0.5158278131777114,우상
2.4562659017543553,0.8965888560608548,우상
2.684673298585234,-0.6976130420463522,우하
1.2008071230162423,-0.4969529641982649,좌하
1.5829429398238084,0.945553212002863,우상
2.7081753927602854,-0.4655408334426134,우하
2.7272059769333183,0.30460838790817846,우상
-0.48398169722122886,-0.452900420210239,좌하
2.7705551982181613,0.10678017312890799,우상
-0.13747487205918701,-0.8443719973858744,좌하
-0.19656178927499748,0.4666877158062795,좌상
-0.53718345683335,0.9600612345344561,좌상
0.23599828873007134,0.07597750510422402,좌상
-0.07895695058273308,-0.7769703734016827,좌하
0.8108006343806828,0.16807669395906571,우상
3.651603854576681,-0.39844189185913004,우하
1.086283311945519,0.668637494056973,우상
1.3372513622139477,0.10822527418034775,좌하
2.7486036655393784,0.23212368378781392,우상
3.1525747135958366,-0.6887601583065667,우하
0.0006330685745920503,-0.6372837189171667,좌하
1.89398062223085,1.019466451694573,우상
-0.32881596422116494,0.8774102520936198,좌상
2.9144310628117154,-0.45782455045864007,우하
2.4787589719309313,-0.358933229163678,우하
-1.6666126562278207,0.04518856942079267,좌상
0.1661473836572006,-0.027528926383913827,좌상
0.2644509942179462,0.2551644596398388,좌상
4.062177427141461,0.1342406591870197,우하
-0.825815821348019,0.8174198249358443,좌상
-1.3165974783878358,0.8800020414007507,좌상
-0.4171215923585455,-0.46816540982337423,좌하
1.9678120498906326,0.21672110251761184,우하
0.2339652077211457,-0.9009618768939353,좌하
0.8597430905265931,0.4669160617906745,우상
1.6178093561302114,0.8973288481365106,우상
1.352856804212361,-0.3044330980398136,좌하
-0.512975524304141,0.8877534516369344,좌상
0.11241562709189319,0.629850190179518,좌상
2.311340510695496,0.7832008060309775,우상
2.1669458883766115,-0.06447406986456963,우하
-0.07576418216076912,0.6570191131743902,좌상
1.6621868641744957,0.9124450221302645,우상
1.7923454780926245,0.8843857278919967,우상
0.8088782071695887,0.43988320162348177,우상
2.548236589688236,-0.3105012048919763,우하
-1.6293034424095858,0.2571713162558988,좌상
2.0903068336587327,0.9160973238625035,우상
-0.09645508672795933,-0.8635452132764165,좌하
-0.8200096474777594,1.0509390531692624,좌상
2.910790595467876,0.36171899186733875,우상
-0.16725139205981188,-0.699809008984386,좌하
2.0112498759610484,0.28885080075537006,우하
3.4659479181423696,-0.41049971921255834,우하
-1.4494706285705088,0.7530599624634877,좌상
0.7543369071961586,0.2977539477726889,우상
0.07598548523738333,0.46775229526140183,좌상
1.8915430255061882,1.015504130321799,우상
2.2951679325772845,-0.14517967704509513,우하
-0.059886139338435736,-0.49571077439975664,좌하
-0.21584460936844377,0.4979906738036261,좌상
3.876346378544265,-0.3953634450554463,우하
0.345874628853876,-0.7285060723916794,좌하
0.9280153954563871,0.5118340743249427,우상
-0.8850965880240862,1.0671873000704037,좌상
2.6399774650872594,0.451059155858361,우상
1.9487149379418562,0.2465104310120359,우하
-1.391925420585116,0.6640006848928396,좌상
3.3700698784431964,-0.5114558137958549,우하
0.17889697993275497,0.3616505001172011,좌상
3.906991970217824,0.44500169648616794,우하
-1.4561717267189596,0.567848313842317,좌상
3.064838578391125,-0.4576785716902121,우하
-0.9758318273669923,0.8515117466529826,좌상
0.15904158171702024,0.42996237584470504,좌상
2.6778100238982123,0.1643935298578901,우상
1.0267681688941093,0.6356896625836462,우상
-1.4492605460694108,0.4930322818365503,좌상
3.3429726205317385,-0.6506264533679083,우하
-1.4349523682608039,0.45610030998560264,좌상
-0.586676064567057,-0.12163707139152471,좌하
2.5734352693523173,-0.5759504221921791,우하
2.1899284911358396,-0.0883941553466129,우하
-0.49189223922919134,-0.22289240552705125,좌하
0.3207749125758104,-0.8985773636738408,좌하
3.7990955104197415,-0.1833564723991289,우하
3.8055451001913005,-0.3910942785268686,우하
2.7980642032087513,0.41885795751658506,우상
0.1931865341506719,-0.006423636269921977,좌상
2.099359668529624,-0.1394774814262001,우하
3.6375669705978466,-0.38625296980895824,우하
4.033628639655869,0.03155503279603444,우하
2.59496668048212,0.6497520047162539,우상
0.7026542874478379,-0.9164239849113762,좌하
-0.057592883364410444,-0.850776090121886,좌하
-0.7469537248390523,0.842015794753632,좌상
1.3682827078993651,-0.11902049589402615,좌하
1.1536099817726264,0.7675701315830695,우상
3.991209571276339,0.2588250397205879,우하
1.8973444582936885,0.2891905786189927,우하
-1.1970277149529263,0.7076464479375236,좌상
-0.29905613665898056,-0.5522965593880241,좌하
3.9674121344662514,0.1171899140064584,우하
2.683268389011068,0.0027141915582376214,우상
2.151864593494604,1.1017793640411482,우상
0.20992282704184298,-0.7428647872255788,좌하
3.8929559732246704,0.23126210515507112,우하
1.0139370423934384,0.513328140041272,우상
3.8009648258800803,-0.06245653628692399,우하
2.687696263503763,0.43817091483264137,우상
-1.268133636569687,0.9802188798012645,좌상
1.461541408407835,-0.5148807497680659,좌하
1.1360964735371797,0.6261165955106384,우상
1.0525091555815436,-0.6002948222135478,좌하
1.6068291171050173,-0.11940712984930649,좌하
3.3865066767112784,-0.6080345679635161,우하
-1.1931845893435598,0.9838814886841977,좌상
2.272713247366549,0.7622114358692005,우상
3.988487545271597,-0.17910193551053877,우하
2.7403154482544463,0.4394281494774829,우상
-1.5518458788635763,0.5442844939904835,좌상
1.361042345602347,-0.6117460987272241,좌하
2.3143434811037213,0.9187370533894057,우상
-0.5440189493876387,0.9007361934870067,좌상
2.007287728973544,-0.10450262566476526,우하
-0.09035571912691621,0.5143966609156941,좌상
2.428613222266044,-0.4438899793169767,우하
2.42030842137861,0.7292178009722611,우상
1.5242231424683335,-0.24189215669220737,좌하
3.774877358623654,-0.19502499171696427,우하
-1.6428451669098296,0.29908647388867104,좌상
3.4272769409164736,-0.6073090081796527,우하
2.3074373937032844,0.8650254258657343,우상
3.7940962305925208,-0.12156407853998888,우하
2.9628265818141655,-0.0016242599420147332,우상
0.2990929953864671,0.17737311861881222,좌상
1.8666139585396695,0.3411410008205143,우하
-0.6205159108831945,0.7839121647201822,좌상
0.25897646069645325,-0.9778353157289732,좌하
1.660843078576491,0.9692348143822568,우상
-0.3683383856710629,0.7629052705877327,좌상
3.860683798733501,0.15562776700555075,우하
-0.5309541276394261,0.916101295624719,좌상
-0.23140659804560237,0.8216847718762127,좌상
3.8458741643763155,0.20070182365569067,우하
0.6608400339671513,-0.7901610752888325,좌하
0.8011560266607927,-0.811264827848882,좌하
3.8683259287781473,-0.149977591891723,우하
-0.1706341267066529,-0.6376793618537544,좌하
1.1837071465510245,0.5603025786893286,우상
0.6518970541800174,-0.8254553207940724,좌하
-0.6628053778758768,-0.13793051353428654,좌하
0.1453111314555867,0.3590755750203926,좌상
1.2907343359639691,0.04460274093004992,좌하
-1.5739894036584414,0.31902919061961243,좌상
0.258534345502108,0.10856400867941822,좌상
2.724965522552737,0.2193388569521787,우상
1.0220199475159009,-0.7222181549413605,좌하
-1.8289683169467121,0.21006109236754505,좌상
-0.8206152548049225,0.8738204698458731,좌상
-0.19470190058950726,-0.8767029923362388,좌하
2.7785291050834937,0.3047794249903607,우상
2.0859730085026333,0.07531264937623558,우하
4.063576389801626,0.3531544746328103,우하
1.173092745945375,0.9465538919261277,우상
1.3139803206385976,1.0762746296996113,우상
2.076573489388302,-0.3640198894834655,우하
0.12132396545990612,0.5285402035053456,좌상
4.057578617279054,-0.14982286824037067,우하
2.628705700496513,0.6992037215800069,우상
-0.5874640399773082,-0.47647772744678785,좌하
-1.7184372522019895,0.2285114648986334,좌상
3.9929275230649024,-0.25058195307699593,우하
1.5576472163470245,-0.12392895491707187,좌하
1.2556486276114711,0.8537369415664666,우상
0.05708750859161331,0.44153668539164526,좌상
3.0061897463059712,-0.5590877428564935,우하
2.6777181701517403,0.06928029956491971,우상
-0.3962026697823026,0.6394713561616191,좌상
0.9724967358928187,0.5186608733702085,우상
4.094935896488093,0.28510328257521655,우하
2.423698000266944,0.8110674943876022,우상
3.1325613728372206,-0.7246163408075157,우하
2.9116039275028287,0.08622533495622167,우상
-0.3297480340016871,-0.3803637995331138,좌하
2.47875884424831,0.27374048115973043,우상
-0.5825801008967103,-0.06345615584736425,좌하
0.3910928062060982,-0.2044991516643353,좌상
-0.30683470324908474,0.7369892017654531,좌상
2.7754399556297864,0.08251570373424845,우상
2.175279389666645,0.19184315019255127,우하
2.7701684076521955,0.21589786337319078,우상
2.395167279377275,-0.31653285308634665,우하
0.905224948036547,0.4710312217107469,우상
2.198179509869434,-0.206468733331249,우하
2.2600086153439416,0.7393738941284999,우상
1.244786278629591,-0.3532251123974973,좌하
3.6060236517195614,-0.2595526295125573,우하
1.3648244001065988,-0.3867178578625401,좌하
1.3753605854723625,-0.06022066450393036,좌하
1.2856309754622903,-0.4159186876645476,좌하
0.22573366017086127,-0.05465793730445488,좌상
0.8551894076417369,-0.9986831079801719,좌하
0.41186619013712106,-0.7641559926266472,좌하
0.040875895128741395,0.01955278414582768,좌상
-1.8352669984731713,-0.05937879711681886,좌상
-0.3683589622254702,0.6477281080545362,좌상
0.6260930812955174,-0.9346409158790271,좌하
-0.22573130964318067,-0.6900356901923107,좌하
2.7001018601868707,-0.6412788851364101,우하
2.2222400958391715,0.11689536975599295,우하
-0.10014225985965183,-0.58766220371652,좌하
-0.7726982055455374,0.9146056515324266,좌상
0.09590772904846023,-0.005538239075775239,좌상
3.213484337062432,-0.35046959861671784,우하
0.981328843205547,0.3163331965993608,우상
-1.1120790382943517,0.7334406986160358,좌상
2.2981759301281532,0.7882171427670278,우상
3.234092269396209,-0.43351268905166074,우하
1.9826718786925535,0.1367256494782878,우하
1.433612595031609,0.8858265740112602,우상
0.16766108011880293,-0.7659400268139571,좌하
0.6138039072622116,-0.836766248906539,좌하
3.8535665002124233,-0.24478239520752867,우하
1.4294539799114498,0.7651953914204768,우상
-1.5007947776842554,0.4394815683888403,좌상
0.36398016655624116,0.1298776905005462,좌상
4.063708600333774,0.19369281403240907,우하
2.3484554066618393,-0.3034832790199235,우하
0.8527484909079379,-0.8679114387619968,좌하
1.8141471671262148,0.8524050679742147,우상
3.7149929215815876,-0.1563164161928241,우하
2.991742349309645,-0.4158346533304737,우하
1.4040804885575497,0.8432303697007656,우상
-0.35065987455064895,0.7951237819678758,좌상
2.0301847495834626,0.8241085198917195,우상
-1.4402058748634647,0.571789855290326,좌상
2.0726908302297393,-0.015265838259709938,우하
3.3873654950512964,-0.7344488294807751,우하
-1.3895609899646326,0.6909788533522563,좌상
0.21745423143641315,-0.08872822306394335,좌상
-1.6959932998614051,0.1977142545626941,좌상
-1.9281125497153415,0.1855695153779116,좌상
1.4544413354793835,-0.27153296721815345,좌하
0.008644210851832146,-0.7127039495459131,좌하
2.1508431242163084,0.022363117646697725,우하
-1.6775553536294598,0.655652754889416,좌상
0.74282598990211,0.4734127276418365,우상
0.3499076559583596,-0.7836582158601844,좌하
1.2808173491099306,-0.002750852454486599,좌하
-0.2984128873190739,0.08415939834256206,좌하
2.21671949678883,0.7180582668029792,우상
-1.494101073256815,0.3933497505456903,좌상
3.902569119061602,0.1996959228349346,우하
3.3834259461342158,-0.4358923672227953,우하
-1.8568440553766035,0.18133864260705368,좌상
2.261621230286568,0.764514546094415,우상
2.540631236822166,0.4124578658633299,우상
-1.0864747860117463,0.7286538110647796,좌상
3.350676968088526,-0.5942977669374975,우하
0.21313764341932706,0.025856988026999365,좌상
-0.439992437435262,-0.09033006205337198,좌하
1.1157996851639835,-0.7186270395859086,좌하
1.0862892957859713,0.7168232809312681,우상
3.85798197093493,0.1044261785319171,우하
-1.4311491200773998,0.9379854265232791,좌상
0.30289584268860537,-0.84207218522638,좌하
2.3412437622288778,0.8814097646206318,우상
2.791564046288392,0.18374430831299723,우상
2.527539536640139,0.5563710305957645,우상
0.9955788995838482,-0.5206323168908782,좌하
3.9322863847658187,-0.09388408380497024,우하
0.030189547520605216,0.5470250758633459,좌상
1.4104933626299685,0.12557856825344565,좌하
2.6626518969457713,0.19791463903236675,우상
-1.8117709787864265,0.1473909849945298,좌상
-0.963574281599658,0.7906710521020355,좌상
-2.0136673105402094,-0.05681648232173361,좌상
2.2360955957788677,0.742632942959894,우상
-0.19972688960255297,-0.382364141362386,좌하
-0.1041324355240375,0.5473309200101855,좌상
1.0231768285178668,0.6512139444343761,우상
-0.10548317542515095,0.4068826317576279,좌상
-1.7765585121471315,0.1473404051369133,좌상
3.8142437897075574,0.33389244326715134,우하
3.1300283006917162,-0.6448567469091901,우하
2.5792716719180997,0.6795471359347509,우상
0.3329523161588394,-0.8587971986654629,좌하
1.0938926869628216,-0.7979254387533653,좌하
0.4292114354579886,-0.9570986207574464,좌하
3.016216191047324,-0.508131120533454,우하
2.9290822602550772,-0.5344129577551915,우하
1.9029344468837441,0.8586717499730062,우상
3.566288271911142,-0.2183480593318498,우하
1.8503304883482161,0.988453971136811,우상
3.057217634504243,-0.49342414538287893,우하
3.1266452646835288,-0.4731593785825815,우하
-1.7474472662672609,0.24882081867741143,좌상
-0.3309673165292595,0.547048899275631,좌상
0.8657306458151821,0.23624827879604926,우상
-0.11502669106169784,0.683323318295785,좌상
2.9807396597409683,-0.5759243038338133,우하
-0.23364358611656377,-0.23081169945980454,좌하
1.4016398031367518,-0.1427676428523873,좌하
3.474935212695933,-0.4150032491951536,우하
0.7358784315289366,0.2622205097375974,우상
2.3201027916013555,0.7975949496054647,우상
2.472297485630439,0.5524594068016372,우상
3.8918984229331834,-0.017396722057328718,우하
1.1189373951111719,-0.7964638658320429,좌하
2.4894325908103636,-0.41486873631097476,우하
3.925747181187858,-0.1250974202395053,우하
2.0797837228527434,0.9133921866042205,우상
0.14740253304966758,0.07346290094031042,좌상
1.4368026856206841,-0.04434536427333734,좌하
3.9876064902084862,-0.03254566460026469,우하
0.27316423925383665,-0.7325975294875187,좌하
0.5246994772232596,-0.9717885856483128,좌하
-0.3664704566698379,0.6936003975714773,좌상
-1.966270364251695,0.12073671275155343,좌상
2.5840392472905385,0.2227599866220925,우상
-0.9064871160873706,0.8267973725237548,좌상
-1.5382214734385589,0.7861720320321584,좌상
2.162154779677159,0.3941884646506077,우하
0.5374504103893367,-0.9644293713158316,좌하
0.8879387879566072,-0.11415981504089537,우상
1.4854922331478226,-0.0776915753190371,좌하
0.9037091584372957,0.36782080595721234,우상
-1.7968948715429096,0.23040439454230457,좌상
2.530606291765085,-0.33917200727736674,우하
-0.7285383667415726,0.8206593122652138,좌상
0.04492229260435489,-0.6750880357045872,좌하
1.3278866287574118,-0.09629311246290309,좌하
2.658441165102882,0.33574190449648633,우상
2.0301804427831334,0.368163858254642,우하
0.9029246999968914,0.3059899819544664,우상
-0.4036868249521746,-0.26049887395365967,좌하
2.059973475391285,-0.07035009789962204,우하
2.8198529233805805,0.16962910396918895,우상
0.29888288231285065,0.11381918263687224,좌상
-0.3005708385220451,-0.70741419851185,좌하
-0.27362271506654684,0.6718014733759856,좌상
0.825542162351189,0.3247556985903638,우상
-1.7798808948483096,0.1978058581769338,좌상
0.1512231921812539,0.21621652285355003,좌상
-1.7709912452022225,0.36710536281829426,좌상
1.1592958191614333,-0.6557996698343337,좌하
2.2080333557573817,1.0337288395500357,우상
2.182207455211705,0.8641810720504448,우상
0.08397532750369305,0.35110439061984683,좌상
2.6215557179487035,-0.6472889350407524,우하
-0.20999809446526835,0.5191656885289149,좌상
3.671228047249383,-0.3870146836755771,우하
0.13444604860985554,0.6133204417038887,좌상
-0.49795295671251333,-0.39441685598382065,좌하
0.2417820701398638,-0.7902665387327625,좌하
3.6302341373275935,-0.5343100560138557,우하
0.9415880156877094,-0.7433081949857343,좌하
2.6935756418204955,0.26508872927365473,우상
-0.5121041664453345,-0.4807168857494587,좌하
0.8359330329255179,0.7597341503712306,우상
2.534373204528538,0.578152070004614,우상
-0.3930691711155767,0.023221213626904207,좌하
1.992928642791173,0.9997983897202897,우상
0.8482619965492615,-0.7695775878213443,좌하
-0.6272320420346899,0.7820694489368393,좌상
0.04990891697547836,0.3462598110630472,좌상
-1.1609193390089303,0.7634659246534393,좌상
1.9761630813324262,1.0392199926683,우상
0.27897626390593355,0.4577058022601742,좌상
-1.7772983305187104,0.07218798272642375,좌상
0.01716747169303397,0.19733326876915322,좌상
0.08193473510471876,0.522071559074973,좌상
-0.04225590574643473,-0.5844254692761701,좌하
-1.2301848845138783,0.6472518626454028,좌상
-1.7019719453020967,0.14513255341368697,좌상
3.516520862036385,-0.5658199104994931,우하
-0.15704111469385765,-0.6763494101732738,좌하
-0.08265044477718886,0.342893778530826,좌상
3.935627335835211,-0.0628373814683981,우하
0.5726661182855023,-0.9559543091159812,좌하
1.4299767921744764,-0.5016904122534276,좌하
-0.4364049804218124,0.8351131505243774,좌상
1.975216073687782,-0.29923660064651914,우하
0.7715528070901865,0.022073232428406878,우상
3.0083554401571058,-0.42671394801811574,우하
-0.2928076350597839,-0.2205875351419545,좌하
0.8181041856293809,-0.8341941131619153,좌하
0.9656619238786539,-0.7413711317501819,좌하
1.975455051889301,0.9977650029292898,우상
3.112261224736258,-0.41325031750087704,우하
0.915108460339591,0.6981614699008893,우상
2.199235660060793,0.9188511938232001,우상
0.6726377025356123,-0.9170981841504544,좌하
2.8027517122328405,-0.5084208610448147,우하
2.201087811597043,-0.02597415028314384,우하
2.8539119486922995,-0.6379519454938622,우하
-1.1518820641994274,0.7793091731557396,좌상
0.0639676975417855,-0.9681659857014263,좌하
-1.1164960438687934,0.7747901209599389,좌상
2.8049731672551776,0.49226697840641065,우상
1.8189103079559539,1.028661692685731,우상
0.23987526914102628,0.13663411126582745,좌상
0.2980002254181763,0.1789359391054368,좌상
0.8097737583856959,0.32422862825336246,우상
-0.06825106316278393,0.6005644489768279,좌상
2.5048311894170197,0.38637992995809534,우상
-0.13553255831819394,-0.6067139141587713,좌하
2.2278863026920686,-0.1480603400392707,우하
-1.2763361551084582,0.7716497238403772,좌상
0.22100944322056149,-0.8304955545673922,좌하
1.4524981777912982,0.08020868685792193,좌하
-1.6442695755392083,0.20993453291642278,좌상
0.6895554783956382,-0.7994862402929676,좌하
-0.3012695068666352,0.8062785782712963,좌상
1.328874999378697,0.7165533816778912,우상
-0.10633202512964463,0.6657177440111867,좌상
-1.6097374385202698,0.35729244169358987,좌상
-0.35000258437219756,-0.5646451893139464,좌하
-1.6335606846348298,0.50686488157547,좌상
0.4163732624170176,-0.7993826232925187,좌하
2.4657833630473784,0.5723123960599783,우상
-1.165842305738704,0.9227254722958066,좌상
1.3604006200218326,-0.300227632711855,좌하
3.9286215367474613,0.11831107304810198,우하
-0.2969803205083586,-0.6213937945129863,좌하
-0.34598917918540384,-0.6559754517109727,좌하
-1.51672941792523,0.342182285531831,좌상
-0.916366013875879,0.8355979879600163,좌상
2.1476304496138776,0.8035962626347468,우상
-1.730042575543418,-0.0061744453097529895,좌상
0.10591335846074093,0.6243846855558076,좌상
3.0941644895403804,-0.5683447624436229,우하
0.04998705780016975,0.3830028782501637,좌상
4.166451654726148,0.29767996344170816,우하
2.472431533183572,0.8760395448389452,우상
3.8761675034803895,-0.06294451366682656,우하
2.3226919677016924,1.0495604303583468,우상
0.02810118899611004,0.7636304662764187,좌상
-0.267525619853868,0.8159970325527068,좌상
0.09797170246651223,0.24179097563544485,좌상
2.5919848370922396,0.3986461039031178,우상
1.4625229674773979,0.07528898277310322,좌하
-1.7330874201812083,-0.008706748839202047,좌상
0.10802137084232918,-0.8917287235947455,좌하
-0.12378928366518811,0.7491625870740688,좌상
1.0486398489638746,-0.8548936286603622,좌하
4.1336973196390225,0.1833817857351911,우하
0.6334304665104976,0.08271006269614793,우상
-0.18170339179556,-0.38585259955925477,좌하
2.2806562857024986,-0.28964507907225384,우하
0.8945066790992645,0.2957086190561565,우상
0.11545122485957442,0.2803445961006212,좌상
2.4324529431391544,0.8611220532191837,우상
-0.3471406418377535,0.742197708683497,좌상
2.569582960026563,-0.36053189530318497,우하
0.19549838623829652,-0.9092353238640543,좌하
3.89268864796258,-0.26835817177122534,우하
-0.9905819353713249,0.7807052177378419,좌상
2.647742030006846,-0.695935360040713,우하
2.2105240263935637,0.020270478012418457,우하
3.4497561103240275,-0.5952707481090745,우하
-0.3090642782658119,-0.14265940988617098,좌하
0.8711288549539279,0.5668294856054665,우상
2.329613229999018,0.95967483756306,우상
-1.8677831203217943,0.10728556938408221,좌상
-0.45273150405918805,0.8708443095622476,좌상
3.9466665572705493,-0.11229284110678832,우하
-0.24069990297821778,0.8219332987096349,좌상
0.05541675444888188,0.20322355014097074,좌상
0.2300892443309892,-0.796654858343299,좌하
-0.2383080675787425,0.9346897526224696,좌상
4.079806167100759,0.03844896893317379,우하
0.8066261470716983,0.36370835792364503,우상
-0.9171320798708279,0.6927372521084584,좌상
0.13661237695566467,-0.9513034316157715,좌하
2.210836529694179,-0.40684312113477145,우하
0.11373444637074748,0.2581674071411155,좌상
-0.40227210045911216,0.995696475992515,좌상
-0.5446705742326888,-0.221655734796573,좌하
-0.020998611660033098,0.4144152524258209,좌상
0.9313895684755679,0.5956088247227203,우상
0.11740376550582385,-0.621663703294729,좌하
2.2381959783353054,0.906397519871374,우상
1.171362313152314,0.6836719576746343,우상
2.7568193907386886,0.1388285743022375,우상
1.7537029087653013,1.0382688163271707,우상
-0.5633702086110134,-0.015716797067984012,좌하
3.7346635242843984,0.10198381304136996,우하
0.016956180456844147,0.253323791795097,좌상
3.9757756749215076,0.1260015812062629,우하
-0.4457024650701758,-0.16988697669924854,좌하
-1.4299344766160444,0.6141708826444182,좌상
0.16930015207482704,0.25037996113203786,좌상
1.5142044617683774,-0.4042580790274463,좌하
-1.4912834812053315,0.3992600103751612,좌상
1.7020760489936788,1.1401969959600453,우상
-0.5645692641487079,-0.12782578366426803,좌하
2.331950610860255,0.8447418944507264,우상
3.5220420419194767,-0.4185084455183855,우하
1.5650314792967583,0.08220817665299113,좌하
2.8070336848841517,0.44629342209174716,우상
2.628184850099475,0.7088632706096462,우상
0.34314127643541253,-0.7390868338537006,좌하
2.1137418962842185,0.8525200367571799,우상
-0.042021286384643294,-0.7223357491122906,좌하
1.8744794384360677,-0.19627539902814628,우하
-0.24653536263275513,-0.45338184592341924,좌하
2.247529811557181,-0.23535266953670694,우하
-0.29799381288778753,-0.7490854881273805,좌하
1.0722980421214858,0.42916708861519903,우상
3.64891599949964,-0.40499590152382514,우하
-0.6870921025043699,0.20491773411287362,좌하
2.7812686372292346,-0.6294605260659422,우하
-1.756721130775227,0.04813543524002349,좌상
2.887824446097815,0.30717864019562857,우상
0.5623150558176337,-0.7410558327433221,좌하
2.0961364174023482,0.9956001287285691,우상
0.4454101181695356,-1.1129703626173921,좌하
0.9192604458162241,-0.7422224430315503,좌하
2.894679223108381,-0.7113423529488307,우하
-0.19921150771673338,-0.7675348913492059,좌하
0.2187154290602952,0.07260744441668954,좌상
0.07876040398410893,0.21922397773317603,좌상
-0.46855575768638,-0.33443018810672387,좌하
2.652185565721294,0.08214188753039472,우상
3.8638523007714727,-0.10535944016977786,우하
-1.3972601674843135,0.5285205741888642,좌상
-1.4207193770192412,0.6501137543476585,좌상
-1.793086763259609,0.17355928642273571,좌상
2.471334475517825,-0.35906860581710925,우하
0.12082955873931954,-0.007516765368710439,좌상
2.536192767608169,-0.5556925690388262,우하
-1.5597819444388872,0.5165244057350441,좌상
1.3727753221016927,-0.11173231118505433,좌하
1.9686546106953275,0.13986041907260804,우하
0.011556004186321064,0.45692128699263174,좌상
2.0215982098953496,0.20107939057498514,우하
3.9659807896725354,0.04321124739288203,우하
2.802103851750173,-0.44228142255023617,우하
-1.651406154207169,0.3230841157180605,좌상
1.057288108319743,0.6241864188286307,우상
3.457164725043714,-0.3362989686165985,우하
-0.2633389894501747,-0.30722040087642405,좌하
2.213613736379863,0.7614672943117963,우상
-1.2215683872352652,0.7930447900641017,좌상
0.6680927461945123,-0.937803565468046,좌하
2.8393289465500384,0.38539904366284683,우상
-0.17271277204447633,0.7177539188210538,좌상
3.208404942848973,-0.6124463501170657,우하
2.2036037773485173,-0.2735801532452697,우하
2.8124650056270655,0.16531523038130913,우상
-0.34549781382458306,-0.3840583292020166,좌하
0.976573815379773,-0.6688018117656642,좌하
2.407662686109782,-0.3397944328758941,우하
1.6152580631113744,0.03269568224909067,좌하
0.893641984769738,0.47096818811349467,우상
1.0426514662254802,0.5693301545303485,우상
2.302789377587897,-0.3560016827446359,우하
3.7518832566362286,-0.16995538076774663,우하
-1.6208017594611095,0.5687864992485608,좌상
2.102418133753722,1.0710891362815869,우상
1.3859095881769867,-0.3407489164982419,좌하
0.02148288486957973,-0.9031184482982779,좌하
2.163016779497474,0.9002830893398236,우상
3.2924368407392204,-0.5247093252561296,우하
0.4118480781768462,-0.8087632268635092,좌하
2.768158586993608,0.02880220393683402,우상
2.684388023247303,0.4283306371907553,우상
0.01628027310496135,0.4471107267699026,좌상
2.165252711848774,-0.15444983384932104,우하
2.056871850175993,1.1609466227356113,우상
3.9007719999713024,0.1585966123949104,우하
1.3740283324732672,-0.11085493396694589,좌하
-0.4561418810180954,-0.651667777163302,좌하
0.623405027244194,-1.0361953288154064,좌하
3.950917364919396,0.08721374785473199,우하
-1.9046005053901365,-0.034413099521658136,좌상
0.3691506263383786,-1.0081155093241965,좌하
1.7742791432236595,1.097701125870039,우상
2.417936071819497,-0.4933122188922552,우하
2.655473920873781,-0.660070070887854,우하
-1.5548476819336772,0.6148743989697963,좌상
-0.4854426159674291,-0.446461382787739,좌하
2.148509432096907,0.7686390738223776,우상
1.2773695987194489,0.9785098663357995,우상
-1.662718448305237,0.2886126595849898,좌상
-0.328651669490198,-0.3800412219775818,좌하
0.4885848809072552,-0.8438548430946615,좌하
0.4166832562107935,-0.9660356543636716,좌하
2.6765011721052447,-0.5530356731756351,우하
0.7771737164042164,-0.912721467077838,좌하
-0.9194491375297296,1.0289723364620738,좌상
2.592067664540727,-0.46316095430560283,우하
2.963133503977714,-0.7740383918898959,우하
0.32333530126501575,0.03408874266803187,좌상
1.5390388483184896,-0.3149806318640215,좌하
0.8708046648188736,0.3261239935167854,우상
-1.528697563662798,0.24571114230109237,좌상
2.7202125082658437,0.21551650177784518,우상
2.7633605004890667,-0.5253941436423423,우하
-1.0305749768661936,0.9741328385675021,좌상
-0.5100053585462861,0.06676442505477442,좌하
4.023829955197687,0.18039409874936763,우하
2.314815099677499,0.8619107714783625,우상
2.841964617270593,0.37577182857780456,우상
2.797250418148815,-0.47744955837114544,우하
-0.028240432061446066,0.7757114635642249,좌상
-0.4687645676460369,-0.16174266488570388,좌하
-1.4847627558265772,0.7199215270368765,좌상
2.040475090793923,-0.08573205307657268,우하
2.571370142797177,-0.5401489561853725,우하
-0.8872886027523967,1.0954511497005772,좌상
1.5727536356636131,-0.2258586594410429,좌하
-1.5861358349447605,0.37805300077276816,좌상
-1.5575016008017784,0.40561714213093203,좌상
0.28052181876735094,-0.8362599856376102,좌하
2.878821340132409,-0.4956124498728864,우하
0.6135787659128754,-0.8485898125587404,좌하
2.1102210974917037,0.9488045483675251,우상
2.153811482620514,0.10543412265334079,우하
1.9074309891233496,1.0804938113978428,우상
-1.7786150202899471,0.17867051295297398,좌상
-0.6161810074759994,0.8904846028134277,좌상
-0.02024532950856483,-0.8988573149224229,좌하
0.30800004215263144,-1.0233358426151222,좌하
2.3041488413706026,-0.40431738794508015,우하
0.9218687289865555,-0.6810126039106886,좌하
2.0664585135337203,1.0006869509958416,우상
0.07653842790236601,0.5903128577470779,좌상
0.9943074519742762,0.7126704177839785,우상
2.167750187085818,-0.1127468520435456,우하
2.19925406508834,0.6409582143422576,우상
2.9933425650987653,-0.47739718697760136,우하
-1.6803222671409184,0.09276044761842285,좌상
-1.269880421418123,0.7377634276568515,좌상
-0.41742616866134424,-0.2947881072062335,좌하
1.4603703216968844,-0.5221662566507693,좌하
-0.49701230615125214,0.1885001472837379,좌하
3.830012026960796,-0.3894641634866937,우하
2.2026166300969163,0.782384736575372,우상
2.7039288750417527,-0.45741014901783605,우하
1.0598050645230555,0.5042813393825591,우상
-0.8936580118679059,0.9191952371894602,좌상
0.10537705210190526,-0.0337500680483231,좌상
1.8624671074315173,0.9058135757206883,우상
-0.3002927476642983,0.606557080701194,좌상
2.7695990939301267,-0.3942253426662373,우하
1.198816985159665,-0.48251099229139327,좌하
-0.3028258560823093,-0.5048759950871994,좌하
3.5821720066334835,-0.3179486302756177,우하
2.5692402563631522,-0.30893762946273806,우하
2.710475310495268,0.25250247540757353,우상
-1.3083461013425868,0.7406233794387052,좌상
-0.2283791947190412,0.6730186079917869,좌상
1.4802483693306687,-0.46752441431076175,좌하
3.2719226972713744,-0.6322212270224415,우하
0.1413552562073797,-0.9419115840059975,좌하
-0.7257269254287104,0.8116185463661635,좌상
0.3404861929059626,-0.8176010624269872,좌하
1.078220895758295,0.48169480298626305,우상
0.21340145910358965,-0.8322943393014567,좌하
-0.05422063046424916,-0.7081627781287673,좌하
2.466460669585221,0.9047435970560206,우상
2.594184593925954,0.16314224364811522,우상
2.4170916383279457,0.8173722116599433,우상
0.10643303128132804,0.4049588326161113,좌상
1.065577225597661,0.5698349690592546,우상
-0.1603489298141982,-0.838297966458991,좌하
3.7368089120644763,-0.44829375896682194,우하
1.390247599283752,-0.2840466074105972,좌하
-1.5380544881761335,0.8019943402140612,좌상
1.0800905348153678,0.6076177416544278,우상
1.3869401717419032,-0.5334563480281207,좌하
1.0770593359394716,-0.9213668178644658,좌하
1.5602831910072803,-0.1050286676660767,좌하
3.9384208787398824,0.013903408766368083,우하
-0.24143244378505424,-0.2869540265871433,좌하
4.170051773857112,0.24684997476025222,우하
-0.23872796276136712,-0.6515930461979065,좌하
1.65231733488379,1.0832969637093584,우상
2.375612560823607,0.7562288925880203,우상
1.4831980894752288,0.9291239329858006,우상
-1.517137898069662,0.5887478001199195,좌상
-1.2699013749907713,0.7636147987075396,좌상
2.235512558157863,0.7224187937097027,우상
-1.6167276202725827,0.4169882271845872,좌상
0.13401703703666787,0.26143210514612625,좌상
0.5155303870701164,-0.8124622659255837,좌하
3.887998153730146,-0.04956466598416538,우하
-0.058367894062599734,-0.5908453315798106,좌하
-0.22117724284986778,-0.5128360251464043,좌하
0.7077664084320817,0.24417355968602428,우상
-1.800398708871064,0.4936141294605971,좌상
0.5280760944532027,-0.7494289181036429,좌하
1.5146258117799172,-0.3181407443791761,좌하
1.979071078440253,0.1900076161078565,우하
-0.7040657657670406,0.9933223284679277,좌상
-0.33125492408515633,0.8514472431331648,좌상
0.9514828334325016,0.26349136876303647,우상
1.9685144989905292,0.3999465387424763,우하
2.379929410272531,-0.20066150519932638,우하
1.1177267395772663,-0.7682875758272992,좌하
1.6552438041334334,1.1443950245289993,우상
-1.0523887132877958,0.8629178305324751,좌상
0.03887304909998371,-0.8565557816865865,좌하
1.6545590104338832,0.9905999769343493,우상
2.7088713516268363,-0.03670259891975229,우상
0.6241977502746012,0.279096793170799,우상
3.7573008608590044,-0.39615358050923316,우하
1.0196253868145695,0.6489307136804523,우상
1.3434738092075464,0.8953166687962548,우상
0.9290981103458663,-0.8959113115947266,좌하
0.9244323816652454,-0.6599536969753307,좌하
2.7544150378655687,0.5056594636800698,우상
0.05590899868803568,0.45911139986269356,좌상
1.9772508031435145,1.0805794925033996,우상
2.717373601528686,-0.7211259789349423,우하
-0.4900744851910896,-0.5566059906892727,좌하
2.860354519746125,0.6014634861280242,우상
3.170402453164789,-0.5724531353454893,우하
-1.4555235603995842,0.7911713966878767,좌상
0.24743884410736453,-0.8095126155972909,좌하
3.826642126974332,0.0993228493384241,우하
2.4253259531326448,-0.47887079482115097,우하
1.982093418788641,0.8673042468180305,우상
0.9099362506614331,0.6549090826541706,우상
-1.57916819913211,0.3111294568351853,좌상
-1.4611339767288034,0.7073908735105785,좌상
0.12289689592095213,0.4437495088419606,좌상
1.6145544397446834,-0.3521865083662592,좌하
2.595734604259188,0.5593927778944517,우상
2.6301495947741986,-0.5105253506540903,우하
3.2353424576220453,-0.46870525224013176,우하
0.8354596320398742,0.05942369602545039,우상
1.495280164839835,0.023791759064894107,좌하
-1.4583115514273428,0.599319517789047,좌상
0.06811827121205977,-0.9890496821734556,좌하
1.8182876513771669,0.319760718385731,우하
-0.21045297400729973,0.6471279789423761,좌상
-0.42451618446507683,0.6484872224154918,좌상
2.5347732535076024,-0.5214674600252613,우하
0.8510885444166785,-0.6148094645491677,좌하
2.8022681911977396,-0.013119549190042587,우상
-0.20553010985938253,-0.3960413796654294,좌하
0.7643202618251947,0.19542548555614922,우상
2.80746697052714,-0.533177297879574,우하
0.8170191014613866,0.5045651552896921,우상
3.633686330074659,-0.5336055473733561,우하
4.130634730598557,0.15601768802780627,우하
0.9184197550235493,0.45676941858498726,우상
-0.5135001817067685,0.6033800567573295,좌상
-0.04315670312160153,0.3961001791839185,좌상
3.612460039522646,-0.3111170223861411,우하
-1.0673596687119797,0.8048872658511406,좌상
2.7433430994957355,0.49184205774399525,우상
1.1043834944122002,0.7843807882947432,우상
-0.29128427500156584,0.5993629034929406,좌상
1.337343336484566,-0.10617802474067323,좌하
3.173345371470175,-0.362894580798456,우하
0.44731059748058927,-0.8845033529803217,좌하
2.744945149082414,-0.7737986002459564,우하
-0.1564384421497452,0.46538845643580035,좌상
0.2270473734207108,-0.9356558957285079,좌하
-0.3282723778209322,-0.5058845851299458,좌하
0.5793872848566226,-0.9492450436821624,좌하
1.5651246247823563,0.9180202623487282,우상
2.223131371902739,-0.35432359136801705,우하
1.1840700413791168,-0.8500736991070539,좌하
-1.2158830656766708,0.7714244791698419,좌상
-0.3544163078979589,-0.3457242921710975,좌하
3.7346223426091942,-0.2288509374715313,우하
3.988476701526336,0.1244555618539151,우하
1.0490642751179073,0.5233494259543837,우상
2.4903848825548445,0.6475665139237972,우상
2.6460520199371804,0.17929316437309434,우상
2.9127560211708743,-0.5129545851869317,우하
0.9161700515490069,0.2848516999866241,우상
1.920940496577912,0.9911841577847685,우상
1.1660168991103967,-0.8336597902310173,좌하
-0.31406931729181076,-0.6336851873714512,좌하
0.24346908068547424,-1.0237104936786998,좌하
2.7223219148688838,0.4677109456264889,우상
2.232364093624385,0.7849377187300868,우상
2.8387812449785503,-0.4850465272875324,우하
2.121835265216579,0.3927395952528276,우하
0.32549728941805506,-0.9656658247826007,좌하
2.354846794465071,0.654379618152994,우상
-0.3817197167736857,0.7355855053414446,좌상
0.6357469805439793,0.03628186722584255,우상
0.3646256153811803,-0.7775551234806357,좌하
1.4089079562271531,-0.17061461291729613,좌하
-0.33925578599830614,0.7517735256318512,좌상
1.0569736075224785,0.8087810846054183,우상
4.101289525309733,0.06842007359063976,우하
2.3577680356961155,0.7359499181867034,우상
-1.638787711700024,0.6224845787115219,좌상
-1.8121741290390139,0.08910191308860854,좌상
2.4811564305642415,0.5817134847346899,우상
1.2471774248354106,-0.6234768584291525,좌하
1.5605160770704598,-0.35511201620112437,좌하
0.43213631991532886,-0.935867247936169,좌하
-1.8553238483836174,0.2625228721232935,좌상
3.3570135787035866,-0.5594717751003844,우하
-0.09617599232853584,-0.6850565376379791,좌하
0.9518013904021401,-0.6663095694521783,좌하
1.6083444039617307,0.9287015816230723,우상
3.1813607180397536,-0.6513104206062856,우하
-1.7613032241337978,0.5640577201589791,좌상
0.3078095635459947,-1.0497292995426792,좌하
3.943682777624853,0.21405032442687957,우하
-0.3705264796568091,0.7405478070187599,좌상
2.3748236137023233,-0.21883819347805322,우하
3.548670780747273,-0.33460456378753284,우하
1.1209960443569378,0.6447786498746345,우상
-0.06825906668714629,-0.9208201236387878,좌하
-0.1232273633315615,-0.8145625724047968,좌하
-0.15738782743900037,-0.3742052730849574,좌하
2.0440059100121686,0.3147927567609642,우하
-0.18799356180613638,0.6980673876538444,좌상
2.2646381492096896,-0.34225034314764063,우하
-1.4246906532992831,0.8014427141877744,좌상
-1.7700404787410446,0.26973983381260813,좌상
1.391903227930287,-0.6094366772610267,좌하
2.799207623711445,-0.37310794424938837,우하
0.7992023066815445,0.1881617732153376,우상
-1.7133933613990249,-0.07964499827021433,좌상
2.391665506096871,-0.18165110644669424,우하
0.8673993586107185,0.36591935066191544,우상
1.2550086264159845,-0.5994477264657853,좌하
-0.5519415877367825,-0.22488838019339646,좌하
0.7242607434827582,-1.0619616448822569,좌하
1.1369321639388936,0.8680091816588603,우상
1.3148670591293306,-0.2830603993264606,좌하
1.9750573811549272,1.1186440294143707,우상
-0.12939858086694794,0.6704229249370968,좌상
2.2290677335774456,0.9009076373464895,우상
-0.10846047686491446,0.8798409948026903,좌상
-0.05608575413997799,0.39970469991048696,좌상
2.625433832812285,0.6989137911332118,우상
0.05997202073650794,0.12269375569833452,좌상
0.24479570962225206,-0.801570784062894,좌하
1.4203537411969231,-0.024599722345457774,좌하
2.0972875467229306,0.008294740302732388,우하
1.3482964483203341,0.7717854776832277,우상
-0.031835023163475126,-0.6658905291661016,좌하
2.4541652048693923,0.8028611873126278,우상
2.5741550038886922,0.4873339035572611,우상
1.338765636934075,-0.21803162052176742,좌하
0.49042131962431595,-0.7773352521535828,좌하
-1.0856904190264365,0.7803470838404332,좌상
0.043350747655334705,-0.7020874343691788,좌하
1.644069807667052,1.0212230552208665,우상
2.5466948517620005,0.739889099969294,우상
-0.6770835065951336,0.9211119112909004,좌상
-0.2724730846565865,-0.23637620169262819,좌하
1.2797352804930955,-0.5879070303893823,좌하
2.0576097253558987,1.1122297713461178,우상
1.0941559075363148,0.4861155314197213,우상
2.359976182813322,0.8203720645500918,우상
2.1370646714909745,0.06497008947250102,우하
-1.691652634379258,0.4803959811890329,좌상
-0.07167598340767123,0.56155014526749,좌상
3.2022889539496746,-0.5053963606723102,우하
-0.3703965585346416,-0.06547341600519756,좌하
-0.5881787143325504,-0.04020032490034026,좌하
3.9037585141409017,-0.04533175185313397,우하
-1.6858234749099246,-0.026577157077461798,좌상
-0.36571356985802705,0.06480685898373385,좌하
0.6270009652874824,-0.8453946629819494,좌하
1.9263599971616152,-0.12412748962061769,우하
3.940353076183219,-0.014328621589438609,우하
1.2070096247139532,0.9422021644175611,우상
-1.7805084569515488,0.009378345105560383,좌상
-1.199138102432293,0.6987352181947125,좌상
2.600025764883043,0.8681441238680283,우상
2.8538593218469903,-0.49860431729174126,우하
2.1006063958672083,0.2686631491917855,우하
3.956542576383059,0.4634796341110507,우하
0.9287089239811238,0.15935291886940212,우상
1.105040845223617,-0.6197931411941713,좌하
0.9821262709417231,0.5994932040595878,우상
-1.3286927951914171,0.9955525259874388,좌상
3.753230108474346,-0.1311599546617667,우하
0.9311280633444451,-0.7166091660679411,좌하
-1.825051458243495,0.128335588452604,좌상
1.4536334478377948,-0.3205699586157958,좌하
2.6473247254932546,-0.5548022544907715,우하
0.8682621409751546,0.35817044408469295,우상
1.0687994025223082,0.6361977030341188,우상
4.068044915538927,0.3155680789027669,우하
-0.4508042765021099,-0.34532185262761084,좌하
2.1199562872080975,-0.2980300393849785,우하
1.3598125422787786,-0.2162182862461339,좌하
4.141346603016027,0.28542177421256587,우하
-0.05001821575402699,0.6334927914142889,좌상
1.031573849199976,0.7373905603515589,우상
-0.9023124073352674,0.9079230564998599,좌상
-1.4091447909257748,0.5879991738697158,좌상
2.5140246282750267,0.9887376927433272,우상
2.664500714178414,-0.4533324434735598,우하
0.2258133158759598,0.27974778221700036,좌상
-0.40768318452192653,0.8603777115394238,좌상
1.5854397754066138,1.0126667053861862,우상
0.7405669992693156,-0.7242203842971805,좌하
2.678249523831753,0.7906488745954842,우상
3.142414423539654,-0.5804070823825627,우하
3.031568547817799,-0.4359443364527769,우하
1.8429399834523303,0.6976742714650657,우상
4.056386326682148,0.1214531938507713,우하
0.877417800829831,0.29561240329110894,우상
2.3979288184624625,-0.4478717189427319,우하
3.4341030352205397,-0.6410846928840847,우하
-0.3368405862862074,-0.6009014811619636,좌하
3.945052921307968,0.05174957727935578,우하
2.1242701456221513,0.050845978356480255,우하
2.879001536278324,-0.678991046285738,우하
0.9438839808787831,-0.5409231058883673,좌하
-0.9587924696263935,0.9542587673290325,좌상
0.86245183563493,-0.782370071082022,좌하
1.4547313504843284,-0.1795440413455731,좌하
-0.1566454486980165,-0.2651811319516739,좌하
3.846060714408052,-0.19630244450165102,우하
0.8567411685539196,-0.9157785279074195,좌하
0.7088478016029525,-1.054695570128945,좌하
-0.5865531442340295,0.8748279379466872,좌상
2.8684799874092235,-0.49858989267128073,우하
2.4717591177882583,0.6795113385744324,우상
1.015390431987995,-0.44352130528522643,좌하
4.008549290262986,0.11828748076018455,우하
3.028762064518427,-0.6225619876522851,우하
-0.11903869958806464,0.8343757651939596,좌상
2.338745779365754,0.7222520065978195,우상
3.8421235893812655,-0.22172597446929868,우하
0.12830866269080726,-0.602744953484411,좌하
-0.33934284292738404,0.6960781319108332,좌상
0.3204706071638199,0.0017563297621385893,좌상
2.6252481970984025,0.4318338755681558,우상
3.920377486220031,0.010809026954832508,우하
-1.7047816793299984,0.42828219137279433,좌상
4.038668909938448,0.04806591489213628,우하
1.340857741143965,0.07488138690106227,좌하
3.119030547968866,-0.7616524737870194,우하
0.006560817293545457,0.7132334220574043,좌상
1.1654064884044781,-0.6168573195847501,좌하
2.1309466896602944,-0.402176263266622,우하
1.0778191457686566,-0.7829114242436745,좌하
2.70605450464735,0.353884677668751,우상
0.20522268048396775,0.21896917099871824,좌상
2.2378718030874922,-0.1473240516019989,우하
0.10350898233466864,-0.8227585087836001,좌하
3.6061337015728427,-0.23719547390349183,우하
0.6885403264024696,-0.7245561966515317,좌하
2.3376906219253613,-0.22776835104954904,우하
2.4553940931700566,0.4391821885160417,우상
-1.5633417710265656,0.15394920569994225,좌상
1.9483662344168626,0.04778090489965238,우하
-0.8542538363175407,0.7693666664915371,좌상
3.731504146357997,-0.2601804070514158,우하
-0.49855625627055444,0.8239980803338819,좌상
1.6554761951317116,0.9079809736419987,우상
0.7625803479252028,0.07747116193580232,우상
2.9562423022573183,-0.71334010953997,우하
2.130810754313861,0.07574069738782216,우하
1.3876073538707459,0.9080454122769039,우상
-0.31959241795773385,-0.6496567636702789,좌하
2.815481361708279,0.3161912776028589,우상
2.832232494898969,-0.6007305155241137,우하
-0.4350377211090357,-0.05400347690611653,좌하
-1.1582530190042721,0.7827827676539636,좌상
0.7988215571963339,0.6403753069657298,우상
0.9948612274591367,-0.5617826553409269,좌하
2.975791848334836,-0.7606571924550588,우하
2.438753681119599,0.5035754955996434,우상
2.5420035961604057,0.011582166189075614,우상
3.219173301031426,-0.638593882757891,우하
-1.442055128218535,0.7375864078960458,좌상
0.4255272911321999,-0.8616594071266851,좌하
3.9068942351558524,0.20067687645236118,우하
0.9449352760857216,0.17189283235724528,우상
-0.4995499556378534,0.7839519577688292,좌상
2.1722226778931186,0.8911714975977036,우상
0.20234949540212663,-0.9359552793016314,좌하
-0.18806621396299172,0.702338268161025,좌상
-0.024260043630687157,-0.8438642617490965,좌하
-0.5575450646434698,0.8226957374924364,좌상
0.14014747783920367,0.2023431937076891,좌상
3.5424493126870202,-0.6403194681630917,우하
1.7704455301707684,1.1134473569166405,우상
-1.0987639205721673,0.7819505687496411,좌상
2.093339680839774,0.28661684454717246,우하
-1.8607725589923287,0.3399389691507274,좌상
0.589637965786847,-0.9438201194475035,좌하
-0.730243196248465,0.783120000599425,좌상
3.5916823393510686,-0.20085880767736408,우하
4.130153123689855,0.3233655132757634,우하
1.2031058562164678,-0.31219052362897687,좌하
-1.415960205315164,0.5337999571970151,좌상
2.581809037837624,-0.6237157186071728,우하
-0.5963287272062433,0.09997100306388575,좌하
-1.5701923059188676,0.2596574901020891,좌상
2.669204697991171,0.22837891434925098,우상
0.2489226036602811,0.16610294286644198,좌상
-0.9092344591116243,1.021618994725216,좌상
0.8493605758319954,0.21285285209131657,우상
3.0515595716990394,-0.5386358323739812,우하
-0.39630011589709835,-0.35391165068559965,좌하
3.127258004238396,-0.6947941909826851,우하
3.0127507033809016,-0.4007665675559108,우하
2.419833818468148,-0.47201940288442723,우하
1.1028022139443228,0.8154047520535472,우상
-0.5353343497797998,-0.12466023144870005,좌하
3.7837541481483576,-0.43746117346543156,우하
2.8958798470478393,-0.7008714454747007,우하
0.7714992359484899,0.22175106905542277,우상
3.867754204836734,-0.04207350833124403,우하
3.0040996625565155,-0.47953993725469113,우하
2.133809525317629,0.2287179233696154,우하
-0.7092518215638308,1.0107906914586948,좌상
1.7228612143308428,0.9724843242983775,우상
2.7690373930572116,0.40930589799959044,우상
3.625596967471426,-0.48242006052847636,우하
2.121584866792171,0.15155307338228274,우하
-0.5285089352838968,-0.033715714801948155,좌하
2.8852800951816646,0.12274341073674559,우상
2.7258183460367125,0.04395554024569288,우상
1.9644549161847267,0.3030225259419139,우하
1.8050796144851784,0.30265163703267756,우하
2.715038495005966,-0.4849814598810083,우하
4.055857377887729,0.029034996789098724,우하
3.973175331186634,0.06094793518480235,우하
4.0726788658998165,0.27286036090592153,우하
3.8633940817572214,-0.038042425400064174,우하
2.2434019728765855,-0.260694029005143,우하
2.2859049357179164,-0.29794884516191406,우하
1.8242761939779144,0.21490417961872432,우하
2.7375462395898573,0.23296125492307865,우상
2.572994496453317,0.49516085975643814,우상
0.6215614116984969,-0.8404787901500281,좌하
0.8838360360223136,0.05711674499953632,우상
1.2451959712056886,1.0542111128378655,우상
1.679069009364431,0.9730813076503542,우상
0.9900772387742273,-0.7598430399490849,좌하
2.071191544943761,-0.23149145563691062,우하
-0.5044024358475924,0.05408960387238648,좌하
1.240130954234598,0.9645085870571498,우상
-0.10341226369025111,-0.5697979568169979,좌하
2.75562651681661,0.45784031864574987,우상
1.499414962721487,-0.17093824742653918,좌하
2.790882435578699,0.6703921230151394,우상
2.099890491138224,-0.002740925268463243,우하
3.4476163358270515,-0.5723187807608527,우하
1.0369369947377785,0.19581431313492878,우상
0.008083421314179363,0.20055394699749046,좌상
0.5997611244489646,-0.8933125158684168,좌하
0.7710983530847753,0.5205365003034198,우상
4.0639845987820395,0.24769623902838162,우하
2.303095614577775,0.7705290403754838,우상
-0.08198220960463666,-0.6862149005390386,좌하
1.0600273337853858,-0.9288636447238715,좌하
0.24855704754022362,-0.8663259723110993,좌하
-1.7637180586835999,0.5612844965617411,좌상
-1.364699940559942,0.5022157657956199,좌상
2.381877543594425,0.7137300343215967,우상
-0.3079394905771594,-0.23323062136880557,좌하
0.22261007027363092,0.11078473703864512,좌상
2.6957688207135755,0.301369295257859,우상
3.2414858005778178,-0.7112861561642475,우하
3.9380735415358252,0.023362373324968502,우하
-0.45537648068736436,0.05329234424668082,좌하
1.6205987604410974,1.145966270953699,우상
0.8411409544897863,0.23134701387674422,우상
1.3203861724022075,0.008844310601950303,좌하
2.5988704868264163,0.5448205285171029,우상
2.874680572746495,0.22578896650372443,우상
0.16964269168963372,0.20752781126545664,좌상
0.8569689232186906,-0.6702570237785734,좌하
1.7060849667288882,1.0352014144323802,우상
1.503401637613222,1.0577814436609208,우상
0.04276260517503068,-0.9734366071537022,좌하
-0.4876127494999847,-0.11001616448548014,좌하
1.3125219834830157,-0.5247545902100417,좌하
2.531087563259327,0.5395847592162761,우상
-0.4758434309603369,0.9087599619541068,좌상
-0.7930453702483256,1.0362015123530657,좌상
-0.34134769579630925,-0.5738824261466468,좌하
-1.9674269415232315,0.05428716357021045,좌상
1.20898326240139,-0.36577554483990443,좌하
-0.1583865598958729,0.6673280228350935,좌상
-1.0188104373284896,1.024362851530257,좌상
-1.022249237715568,0.9005859419905543,좌상
1.0391073346072972,0.7463537676760379,우상
-1.4091832787814131,0.7439123614885713,좌상
1.864266741496801,0.8459696588345799,우상
0.9457190727535756,-0.6469164087401282,좌하
-0.45674372937274993,-0.18127248009698288,좌하
0.8656605188400305,0.0532929889770221,우상
1.0653698603346924,-0.9186985245366466,좌하
3.904363672565891,-0.23271001726559268,우하
1.590079000016756,1.045894662485982,우상
-0.11651011772396294,0.8652072413149804,좌상
-1.5455160761923934,0.6225554444508372,좌상
1.2075202244021739,-0.7734529012684245,좌하
0.4903125463308773,-0.965381311984266,좌하
0.858492735256835,0.4104980024552559,우상
-1.7879630866041758,0.21056202260542306,좌상
-1.2743592895515377,1.0280248192908685,좌상
2.2774452970237333,0.9141444691841977,우상
0.1967679912198747,0.054229983722670475,좌상
2.734662898193858,0.729149491398028,우상
-0.0031326514867010963,-0.8952551326072403,좌하
1.457526283154262,-0.12244859412741575,좌하
0.3185447526026437,0.051382624259820986,좌상
0.8350515472828893,0.36454398802097937,우상
-0.6091011476920819,0.881118792330366,좌상
-0.09021983932380291,-0.5244635486190029,좌하
3.574839111041047,-0.42635980095121856,우하
3.587682607738307,-0.24408670527801127,우하
2.4747307232481512,0.7453482091512893,우상
2.5867468829960534,-0.6566057172308088,우하
0.5192430098239427,-0.9976075273610818,좌하
0.1888355843289917,0.03835875485244246,좌상
-0.5262679245280503,-0.12486616124023481,좌하
-0.6292796056755762,0.961981944255588,좌상
0.0074571362993079565,0.5472801238727921,좌상
1.9881723510402591,0.767126565166009,우상
1.5529661068814784,0.9465455750335066,우상
1.4814090441666155,0.8071896461956627,우상
2.4160023783781988,-0.4343513536770149,우하
1.4277251638090411,-0.3280576985756572,좌하
1.06899521152713,0.5403157572501719,우상
3.938681871454746,-0.08044632044128616,우하
-0.300909978232997,-0.5538605576373341,좌하
1.0659878485820944,-0.6824387550990766,좌하
3.080080726204243,-0.5214427757620842,우하
-0.35404089505507486,-0.6504440606058259,좌하
0.3015785702398832,0.2066672635428851,좌상
-1.04055541849007,0.8983152654807212,좌상
0.68646995514518,0.33313315887794687,우상
1.9203247398949848,0.8965379107637702,우상
2.48945413856221,-0.2738424577052391,우하
2.5011512357367103,-0.5280924323621643,우하
2.1793487695505984,-0.246989151018852,우하
2.9486008410958333,-0.7149176263828955,우하
0.036676705063839854,0.07040479019801003,좌상
2.83739750482214,-0.4487382560754578,우하
-0.49791185183537295,-0.22996052097946407,좌하
0.7823767937429451,0.22613205872910214,우상
3.9779653808575652,-0.12379412359430667,우하
2.3096969785563584,0.8399582986089391,우상
-1.069556036854006,0.7652513670447132,좌상
-0.8561974377189515,0.9305943554422355,좌상
-1.1903312873283012,0.8531248571658756,좌상
0.9336919456639682,-0.021285767152431107,우상
-0.5026309064869731,0.7361676993178602,좌상
1.9868336222358123,0.23689136688030382,우하
-1.8647599606174954,-0.11989344736437713,좌상
0.38530789452625264,-0.8759772787236906,좌하
-0.32661233959855707,0.7020617941397903,좌상
1.5230126243431779,1.039301616461421,우상
3.771509527960609,-0.06418243547808578,우하
0.30179959865893413,-0.9295793785620499,좌하
2.2391746734657545,0.15085387922726617,우하
1.4489660765896673,-0.19709846746878454,좌하
2.312420996835959,-0.2719812281124499,우하
1.3249910719203228,0.613309093403565,우상
4.004993347713806,0.184029652148405,우하
0.800312340277509,0.5056581418720617,우상
1.5102567323769172,-0.25192612425859223,좌하
-1.6620536719208658,0.6198153133785488,좌상
1.2845759777496357,-0.15650884609567772,좌하
2.745702622888817,0.10827992497159628,우상
3.913244366642259,-0.03372499298348495,우하
0.8535853064751768,0.3016184237036816,우상
0.0862139924255576,-0.9089681930862399,좌하
1.3349789176924993,1.044932690682585,우상
1.4507225136325415,-0.11661987945742919,좌하
1.836737389375727,1.119074215953663,우상
0.004319399238383294,0.4061818966981302,좌상
-0.23496063773274067,0.7139485958179256,좌상
3.6239820871370876,-0.31132037862260925,우하
2.6269427056199888,0.7584508190874735,우상
0.5402149719047852,-0.7974663640721538,좌하
-1.1926836266579683,0.8501428256175073,좌상
-0.195482994460923,-0.6418547193242841,좌하
2.017558279106764,0.16783287174907158,우하
-1.677021108737631,0.06254182637343449,좌상
0.15410980455484738,-0.7770713606518056,좌하
2.287033298647033,-0.018685898827763,우하
2.4648787109741463,-0.5805293089809809,우하
-1.6307394477529058,0.6267924028073372,좌상
2.5365013590041356,0.5859849936043852,우상
4.12968261281749,-0.027867053497615937,우하
-0.5847270462610105,0.8207748990096448,좌상
0.2201401909907495,-1.072629702780807,좌하
-0.31554995112541334,-0.19317196097330966,좌하
3.770683636252488,-0.12208872210976975,우하
-1.208895353895526,0.7042151701297223,좌상
2.0646534733355693,0.10848392177075358,우하
-1.0195741629442616,0.8439805558249217,좌상
4.022481515344255,-0.02059132474098763,우하
1.7467200140042558,1.0081732858187873,우상
-1.3996599351956645,0.6471900979039404,좌상
1.4669087764896003,-0.12733764189248242,좌하
-0.3844014056881481,-0.2129976717800976,좌하
0.06650557448491456,-0.6980243887158495,좌하
2.0445780533880145,0.13757102909215235,우하
1.206916972274358,-0.8302115365222903,좌하
3.135137951422541,-0.515631792186339,우하
1.2221826576661077,-0.6756269498799274,좌하
